"Table 1.4.  All Returns: Sources of Income, Adjustments, and Tax Items, 
by Size of Adjusted Gross Income, Tax Year 2019 (Filing Year 2020)",,,,,,,,,,,,,,,,,,,,,,,,,,,,,,,,,,,,,,,,,,,,,,,,,,,,,,,,,,,,,,,,,,,,,,,,,,,,,,,,,,,,,,,,,,,,,,,,,,,,,,,,,,,,,,,,,,,,,,,,,,,,,,,,,,,,,,,,,,,,,,,,,,,,,
"(All figures are estimates based on samplesâ€”money amounts are in thousands of dollars)",,,,,,,,,,,,,,,,,,,,,,,,,,,,,,,,,,,,,,,,,,,,,,,,,,,,,,,,,,,,,,,,,,,,,,,,,,,,,,,,,,,,,,,,,,,,,,,,,,,,,,,,,,,,,,,,,,,,,,,,,,,,,,,,,,,,,,,,,,,,,,,,,,,,,
"Size of
adjusted gross
income","Number
of
returns","Adjusted
gross income
less deficit","Total income",,"Salaries and wages",,"Taxable interest",,"Tax-exempt interest [1]",,"Ordinary dividends",,"Qualified dividends [1]",,"State income tax refunds",,"Alimony received",,"Business or profession",,,," Capital gain distributions
reported on Form 1040",,"Sales of capital assets reported on Form 1040, Schedule D [2]",,,,"Sales of property
other than capital assets",,,,"Taxable Individual Retirement
Arrangement (IRA) distributions [3]",,"Pensions and annuities",,,,"Rent",,,,"Royalty",,,,"Farm rental",,,,"Total rental and royalty",,,,"Partnership and S corporation",,,,"Estate and trust",,,,"Farm",,,,"Unemployment compensation",,"Social security benefits",,,,"Foreign-earned income exclusion",,"Other income",,,,"Net operating loss",,"Gambling earnings",,"Cancellation of debt",,"Taxable health savings
account distributions",,"Repatriated deferred (section 965) 
income as shareholders of certain 
foreign corporations",,"Limitation on
business losses",,"Global intangible low
tax income",,"Statutory adjustments",,,,,,,,,,,,,,,,,,,,,,,,,,,,,,,,,,"Basic standard deduction",,"Additional standard deduction",,"Disaster loss deduction",,"Total itemized deductions",,"Qualified business
income deduction",,"Capital construction fund reduction",,"Total standard or itemized deduction
plus qualified business
income deduction",,"Taxable income",,"Alternative minimum tax",,"Excess advance premium
tax credit repayment",,"Income tax before credits",,
,,,,,,,,,,,,,,,,,,,"Net
income",,"Net
loss",,,,"Taxable
net gain",,"Taxable
net loss",,,,,,,,,,,,"Net
income",,"Net loss (includes
nondeductible loss)",,"Net
income",,"Net
loss",,"Net
income",,"Net
loss",,"Net
income",,"Net
loss",,"Net
income",,"Net
loss",,"Net
income",,"Net
loss",,"Net
income",,"Net
loss",,,,"Total [1]",,"Taxable",,,,"Net
income",,"Net
loss",,,,,,,,,,,,,,,,"Total",,"Educator expenses
deduction",,"Certain business expenses of
reservists, performing artists, etc.",,"Health savings
account deduction",,"Moving expenses
adjustment",,"Deductible part of
self-employment tax",,"Payments to a
Keogh plan",,"Self-employed health
insurance deduction",,"Penalty on early
withdrawal of savings",,"Alimony
paid",,"IRA payments",,"Student loan
interest deduction",,"Tuition and fees
deduction",,"Domestic production
activities deduction",,"Archer medical savings
account deduction",,"Foreign housing
deduction",,"Other
adjustments",,,,,,,,,,,,,,,,,,,,,,,,
,,,,,,,,,,,,,,,,,,,,,,,,,,,,,"Net gain",,"Net loss",,,,"Total [1]",,"Taxable [3]",,,,,,,,,,,,,,,,,,,,,,,,,,,,,,,,,,,,,,,,,,,,,,,,,,,,,,,,,,,,,,,,,,,,,,,,,,,,,,,,,,,,,,,,,,,,,,,,,,,,,,,,,,,,,,,,
,,,"Number of
returns","Amount","Number of
returns","Amount","Number of
returns","Amount","Number of
returns","Amount","Number of
returns","Amount","Number of
returns","Amount","Number of
returns","Amount","Number of
returns","Amount","Number of
returns","Amount","Number of
returns","Amount","Number of
returns","Amount","Number of
returns","Amount","Number of
returns","Amount","Number of
returns","Amount","Number of
returns","Amount","Number of
returns","Amount","Number of
returns","Amount","Number of
returns","Amount","Number of
returns","Amount","Number of
returns","Amount","Number of
returns","Amount","Number of
returns","Amount","Number of
returns","Amount","Number of
returns","Amount","Number of
returns","Amount","Number of
returns","Amount","Number of
returns","Amount","Number of
returns","Amount","Number of
returns","Amount","Number of
returns","Amount","Number of
returns","Amount","Number of
returns","Amount","Number of
returns","Amount","Number of
returns","Amount","Number of
returns","Amount","Number of
returns","Amount","Number of
returns","Amount","Number of
returns","Amount","Number of
returns","Amount","Number of
returns","Amount","Number of
returns","Amount","Number of
returns","Amount","Number of
returns","Amount","Number of
returns","Amount","Number of
returns","Amount","Number of
returns","Amount","Number of
returns","Amount","Number of
returns","Amount","Number of
returns","Amount","Number of
returns","Amount","Number of
returns","Amount","Number of
returns","Amount","Number of
returns","Amount","Number of
returns","Amount","Number of
returns","Amount","Number of
returns","Amount","Number of
returns","Amount","Number of
returns","Amount","Number of
returns","Amount","Number of
returns","Amount","Number of
returns","Amount","Number of
returns","Amount","Number of
returns","Amount","Number of
returns","Amount","Number of
returns","Amount","Number of
returns","Amount","Number of
returns","Amount","Number of
returns","Amount","Number of
returns","Amount","Number of
returns","Amount","Number of
returns","Amount","Number of
returns","Amount","Number of
returns","Amount",
,,,,,,,,,,,,,,,,,,,,,,,,,,,,,,,,,,,,,,,,,,,,,,,,,,,,,,,,,,,,,,,,,,,,,,,,,,,,,,,,,,,,,,,,,,,,,,,,,,,,,,,,,,,,,,,,,,,,,,,,,,,,,,,,,,,,,,,,,,,,,,,,,,,,,
,(1),(2),(3),(4),(5),(6),(7),(8),(9),(10),(11),(12),(13),(14),(15),(16),(17),(18),(19),(20),(21),(22),(23),(24),(25),(26),(27),(28),(29),(30),(31),(32),(33),(34),(35),(36),(37),(38),(39),(40),(41),(42),(43),(44),(45),(46),(47),(48),(49),(50),(51),(52),(53),(54),(55),(56),(57),(58),(59),(60),(61),(62),(63),(64),(65),(66),(67),(68),(69),(70),(71),(72),(73),(74),(75),(76),(77),(78),(79),(80),(81),(82),(83),(84),(85),(86),(87),(88),(89),(90),(91),(92),(93),(94),(95),(96),(97),(98),(99),(100),(101),(102),(103),(104),(105),(106),(107),(108),(109),(110),(111),(112),(113),(114),(115),(116),(117),(118),(119),(120),(121),(122),(123),(124),(125),(126),(127),(128),(129),(130),(131),(132),(133),(134),(135),(136),(137),(138),(139),(140),(141),(142),(143),(144),(145),(146),(147),(148),
"All returns, total","157,796,807","11,966,873,976","157,197,473","12,111,799,488","129,775,754","8,273,071,046","48,676,014","153,253,476","6,242,423","61,575,197","28,980,261","331,790,638","26,757,958","248,190,601","4,311,147","5,567,843","344,378","10,810,673","20,073,010","442,854,286","7,183,516","88,112,985","4,056,900","11,248,534","13,899,365","869,752,670","7,805,809","16,266,128","992,949","37,870,472","1,001,404","18,511,376","15,641,734","324,971,510","30,830,618","1,290,875,434","28,284,849","784,497,673","4,909,441","84,241,710","4,781,407","61,925,402","1,769,266","26,079,426","79,402","520,882","358,140","5,084,773","84,247","590,440","6,371,106","112,328,350","3,796,319","48,858,437","6,166,568","857,020,291","2,773,391","179,865,950","629,839","36,212,816","41,118","4,861,091","445,534","10,882,071","1,283,927","34,679,155","4,363,590","21,395,491","30,022,335","718,890,477","22,416,436","360,038,769","495,579","30,867,452","6,141,244","48,689,237","321,242","10,267,022","1,145,393","212,144,847","1,947,628","35,756,185","518,174","5,460,270","492,627","631,639","2,973","262,314","3,391","3,530,839","12,136","2,449,204","39,140,137","144,925,513","3,628,977","937,722","343,227","2,764,429","2,022,903","5,728,845","112,049","293,751","20,460,855","33,645,174","951,117","25,527,840","3,789,086","31,384,974","501,306","243,447","491,120","12,374,364","2,436,686","12,691,089","12,719,148","14,144,721","1,285,659","3,009,678","55,889","258,101","* 3,082","* 4,971","4,319","85,541","189,206","1,830,866","138,307,604","2,307,521,304","23,725,778","46,434,047","11,035","124,759","17,348,989","645,102,704","22,243,545","155,249,163","11,829","196,973","150,092,578","3,061,683,847","124,143,848","9,226,944,218","170,478","2,792,555","3,018,032","4,218,714","123,689,755","1,695,025,831",
"   No adjusted gross income","2,127,500","-237,064,231","1,528,166","-234,790,580","569,047","23,421,857","652,303","7,664,704","75,881","1,793,295","411,665","6,056,857","365,143","4,175,651","20,267","84,051",731,"19,845","229,137","4,603,099","535,564","19,062,183","22,961","35,567","175,101","22,975,919","367,196","912,989","65,984","2,902,020","87,107","7,509,583","139,948","2,648,078","238,040","6,590,006","183,007","2,771,358","116,211","2,472,070","220,481","7,444,367","52,289","827,349","2,773","44,228","5,799","93,130","5,045","57,664","146,835","3,127,020","221,351","6,999,127","87,807","6,228,200","301,295","80,210,328","8,146","488,617","4,873","2,256,920","23,439","463,964","138,943","8,167,612","12,910","50,580","931,388","19,980,317","3,499","11,955","149,515","6,632,776","99,775","2,960,679","34,002","3,257,618","606,998","191,256,560","17,097","239,249","9,125","1,041,339",890,"1,109",** 86,"** 13,474","2,735","2,922,083",** 440,"** 488,875","442,014","2,273,651","10,623","2,706","* 3,728","* 45,187","11,055","43,297","** 1,613",** 928,"241,429","344,586","3,006","121,418","105,597","702,113","8,880","2,785","10,553","339,728","8,169","41,019","95,777","118,167","64,613","232,502","** 7,132","** 58,805",0,0,** 36,"** 1,342","3,703","220,269",0,0,0,0,0,0,0,0,0,0,0,0,0,0,0,0,"** 2,977","** 244,953","26,306","8,079","30,350","268,450",
"   $1 under $5,000","9,866,880","24,439,988","9,866,880","25,527,613","6,672,531","23,927,191","1,609,527","615,198","74,581","107,725","845,569","877,359","756,927","543,198","28,069","15,822","* 8,225","* 18,651","1,550,344","3,759,859","120,311","878,552","162,826","103,983","252,244","636,799","265,655","500,213","8,427","69,084","18,576","214,111","365,766","901,283","679,107","5,988,882","620,676","1,852,096","91,319","288,561","60,208","618,487","33,458","41,693",* 3,* 8,"7,233","35,911","* 4,011","* 8,153","128,405","355,653","55,800","507,508","55,098","273,737","52,633","970,366","10,677","21,225","** 2,109","** 17,232","16,634","35,359","17,272","246,024","55,022","122,926","1,924,827","35,435,370","19,587","54,823","96,353","4,543,365","343,715","483,799","10,346","307,020","79,060","647,153","43,248","110,088","8,766","32,445","** 3,011",** 848,0,0,** 202,"** 8,303",**,**,"1,449,336","1,087,626","14,133","2,655","* 4,011","* 19,173","4,745","13,077",**,**,"1,231,203","261,456","* 2,048","* 24,609","65,370","162,970","22,068","7,564","* 5,020","* 61,352","11,160","55,386","120,672","115,360","108,446","351,457",**,**,0,0,**,**,"* 2,008","* 11,367","9,780,224","94,427,931","1,447,168","2,645,008",0,0,"85,653","1,787,104","26,352","2,057",0,0,"9,271,654","92,732,922","278,981","319,619",**,**,"72,058","21,725","216,706","34,477",
"   $5,000 under $10,000","9,925,940","74,584,857","9,925,940","76,354,338","7,622,306","58,927,624","1,374,367","932,509","79,209","118,331","794,021","1,288,285","726,456","741,545","31,625","27,074","12,764","81,058","1,442,370","9,525,117","229,899","2,066,228","152,744","181,581","262,130","876,047","239,128","472,450","12,838","75,222","15,768","140,301","517,004","2,402,900","1,032,087","8,956,058","993,208","5,599,658","163,629","882,878","78,744","707,727","53,670","132,295","* 1,074","* 20,991","9,355","37,857","* 2,608","* 25,153","216,786","1,036,715","73,213","650,800","84,358","503,710","47,601","662,959","11,064","61,624",**,**,"20,495","142,140","27,910","318,764","116,705","389,717","1,908,254","36,650,519","50,270","235,104","25,648","1,831,528","213,580","577,938","7,637","113,942","64,140","662,171","60,038","220,020","12,721","46,272",**,**,0,0,**,**,0,0,"1,753,269","1,769,481","19,468","4,088","* 6,018","* 44,681","9,333","17,310","* 4,011","* 25,214","1,438,003","702,131","* 3,399","* 62,777","88,734","254,006","27,079","4,674","* 3,045","* 20,984","20,805","47,346","181,690","166,498","135,013","400,809","* 2,318","* 10,898",0,0,* 7,* 60,"* 5,019","* 8,006","9,823,975","121,191,893","1,515,384","2,815,744",0,0,"100,962","2,355,333","30,450","7,946",0,0,"9,488,766","121,255,208","208,452","611,673","* 1,019","* 1,719","63,045","26,140","215,362","68,465",
"   $10,000 under $15,000","11,087,737","138,230,399","11,087,737","141,617,199","8,277,447","100,631,554","1,556,671","1,187,458","105,271","200,139","778,815","1,615,441","685,807","1,018,241","25,678","24,327","13,773","112,050","2,305,555","23,772,301","313,192","3,428,280","128,099","169,673","291,603","1,254,398","250,967","489,130","12,107","174,292","17,116","182,845","647,337","4,316,778","1,473,197","18,384,911","1,425,307","12,280,749","162,923","1,236,645","90,401","894,931","43,803","109,617","** 2,042",** 60,"8,335","58,891","* 3,007","* 14,489","211,653","1,384,967","91,639","991,032","110,502","1,082,920","51,903","713,019","7,392","53,530",**,**,"21,444","131,499","43,213","1,018,350","243,314","824,981","2,080,212","41,723,159","258,469","323,567","24,177","1,540,224","249,695","898,078","13,274","109,652","67,053","803,623","73,559","285,913","13,337","72,345","* 7,017","* 3,012",0,0,0,0,"* 1,010","* 13,892","2,716,368","3,386,800","40,466","8,509","21,653","239,244","13,095","17,550","* 6,015","* 32,148","2,304,355","1,733,246","5,186","16,373","125,987","424,137","23,344","18,171","14,103","162,884","45,936","160,737","282,006","249,522","83,241","250,736","* 1,513","* 2,948",0,0,* 3,* 17,"9,234","70,578","10,930,705","157,843,809","1,737,282","3,205,401",0,0,"155,024","3,619,552","433,873","114,586",0,0,"10,664,478","159,744,117","3,795,632","5,476,460",* 14,* 122,"132,493","51,771","3,778,589","591,683"," "
"   $15,000 under $20,000","10,039,446","175,255,963","10,039,446","178,282,897","7,931,946","134,897,400","1,404,468","1,378,985","98,511","280,937","716,865","1,946,789","646,966","1,230,069","45,122","33,543","16,049","202,038","1,714,766","22,303,823","382,084","4,463,827","118,205","223,866","273,028","1,497,938","197,662","412,435","19,777","207,290","17,557","223,987","581,081","4,430,559","1,361,399","19,019,529","1,300,900","14,216,335","151,516","1,204,731","91,024","812,388","44,557","119,487",**,**,"10,049","91,545","* 3,099","* 8,025","195,043","1,397,818","90,471","776,819","105,076","1,094,492","55,694","1,216,627","13,017","83,490","* 4,021","* 5,407","13,516","111,726","32,934","617,517","311,872","1,271,483","1,753,212","35,711,828","912,453","1,317,941","21,336","1,449,694","242,035","834,297","13,461","179,726","39,429","647,899","76,562","305,672","21,721","153,973","15,044","12,654",**,**,0,0,* 983,"* 11,323","2,207,461","3,026,933","63,207","14,508","17,049","157,167","23,864","58,819","* 6,016","* 15,819","1,697,966","1,615,023","* 3,407","* 30,605","137,827","399,724","25,978","9,186","* 4,099","* 41,854","70,515","210,529","358,338","302,850","51,251","118,980","* 1,354","* 1,745",0,0,* 4,* 28,"14,032","50,095","9,853,834","148,783,946","1,473,145","2,768,515",0,0,"183,296","4,447,639","779,293","478,033","** 2,096","** 11,980","9,616,213","151,225,646","7,077,121","32,084,927","** 1,364","** 3,153","204,455","64,173","7,025,655","3,223,800",
"   $20,000 under $25,000","9,493,968","213,660,160","9,493,968","216,874,301","7,855,283","173,142,941","1,406,469","1,458,550","109,719","395,478","716,754","2,048,550","647,678","1,251,931","50,675","52,465","16,681","195,124","1,124,623","16,477,490","451,042","4,466,077","122,457","205,744","284,473","1,575,093","192,773","397,984","15,536","129,520","24,639","160,357","568,100","4,934,383","1,353,303","22,900,422","1,286,430","15,957,428","162,024","1,356,876","112,460","985,824","40,214","93,206","* 1,206","* 8,739","14,109","95,495",0,0,"208,025","1,506,066","109,699","858,743","139,005","2,102,427","56,445","884,461","14,273","119,301","** 1,046","** 3,131","16,464","240,453","36,115","849,125","340,174","1,575,571","1,492,659","32,514,813","1,293,348","3,274,919","19,134","1,510,189","228,322","858,855","15,584","220,371","40,857","539,536","77,235","374,833","17,091","83,175","14,013","6,811",0,0,** 9,"** 13,096",* 3,* 55,"1,823,093","3,214,140","71,274","17,006","27,063","328,569","38,266","69,005","* 9,024","* 15,348","1,116,634","1,231,535","4,655","65,003","113,355","358,212","30,845","4,848","10,427","94,277","95,624","390,576","512,691","471,270","45,261","117,071","3,589","2,720",0,0,"* 1,033","* 27,432","* 6,112","* 21,268","9,258,181","142,861,038","1,304,305","2,510,382",**,**,"235,786","5,806,896","800,328","716,306",**,**,"9,102,170","146,976,876","8,067,488","66,498,983",**,**,"297,287","126,591","8,044,540","6,780,347",
"   $25,000 under $30,000","9,289,939","254,877,708","9,289,939","258,018,079","7,943,835","212,428,275","1,438,357","1,433,787","112,802","403,062","727,671","2,031,722","647,379","1,260,754","73,132","50,605","17,048","232,295","863,740","13,790,121","400,353","3,872,662","130,545","236,719","282,568","1,522,029","214,444","457,810","11,065","175,560","19,283","192,006","583,698","5,517,960","1,317,332","23,203,246","1,246,192","17,488,171","144,933","1,114,660","129,577","1,316,179","30,742","60,927","* 2,037","* 1,722","15,108","134,040",0,0,"177,818","1,286,847","127,802","1,143,617","117,160","1,421,176","52,979","778,996","12,173","58,080",**,**,"18,430","268,571","37,869","667,055","313,899","1,536,120","1,390,326","31,352,073","1,342,880","5,196,101","12,488","986,526","238,819","1,049,735","10,459","175,405","29,528","591,807","82,656","616,644","21,165","145,463","17,247","41,384",0,0,**,**,0,0,"1,755,858","3,140,371","92,707","21,528","22,156","236,114","52,940","96,505","15,040","18,380","863,395","1,024,944","7,834","47,269","101,711","409,518","15,486","7,275","8,370","73,240","100,676","367,055","691,492","612,854","44,414","105,667","3,095","3,468",0,0,0,0,"14,454","116,554","9,024,802","141,282,672","1,222,931","2,373,760",0,0,"263,065","6,018,057","870,001","915,294",0,0,"8,924,028","145,851,891","9,004,836","104,591,101",**,**,"360,526","205,062","8,924,839","11,125,183",
"   $30,000 under $40,000","16,090,602","560,073,192","16,090,602","566,519,101","14,045,867","471,544,226","2,964,248","2,715,717","241,916","781,558","1,479,134","4,225,960","1,326,979","2,776,881","193,631","153,825","37,107","569,146","1,387,832","22,985,195","687,234","6,435,193","250,191","413,698","612,230","3,899,956","372,299","730,286","36,879","470,290","36,773","562,248","1,035,980","10,894,228","2,482,508","49,344,702","2,344,799","37,764,688","256,173","2,194,682","247,590","2,156,368","88,668","225,606","* 1,020","* 3,588","20,241","129,374","* 4,111","* 19,142","332,451","2,462,374","248,887","2,195,601","235,944","4,031,239","111,985","1,784,411","23,212","160,888","* 1,054","* 9,684","26,289","350,350","85,377","1,602,314","535,661","2,609,104","2,254,791","50,425,510","2,252,582","14,488,829","23,494","1,585,939","408,985","1,409,612","22,195","335,333","44,729","1,122,287","153,938","743,295","44,815","194,581","52,142","45,702",0,0,**,**,"* 1,006","* 9,046","3,266,543","6,445,909","209,252","49,920","39,377","371,398","137,065","208,701","12,040","12,985","1,372,311","1,764,186","19,168","144,783","231,287","970,546","45,458","18,998","22,435","196,058","205,824","806,655","1,519,192","1,610,056","61,591","143,865","3,872","5,311","** 1,991","** 2,193","** 2,068","** 10,026","19,425","132,059","15,438,884","245,039,560","2,002,486","3,873,488",0,0,"649,622","15,761,578","1,582,747","2,372,692","** 3,009","** 46,742","15,480,534","259,235,720","15,992,311","293,267,359",**,**,"550,405","384,782","15,877,593","31,854,526",
"   $40,000 under $50,000","12,503,041","560,258,808","12,503,041","566,510,686","10,931,707","465,547,848","2,843,412","2,752,028","251,689","1,206,867","1,433,633","4,343,886","1,317,368","2,690,661","233,425","180,934","46,636","822,175","1,122,771","19,026,086","568,878","4,984,490","232,094","360,724","624,182","4,197,348","369,914","729,290","37,307","435,849","40,486","348,954","938,090","11,051,043","2,205,393","55,410,786","2,055,515","39,736,940","252,751","2,138,182","228,152","2,280,294","95,811","209,728","* 3,185","* 4,612","19,655","255,630","* 4,321","* 14,136","350,357","2,559,614","220,724","2,054,078","228,992","4,539,646","124,035","2,263,391","17,799","213,894",* 185,"* 14,259","28,201","435,237","78,927","1,548,662","404,905","2,102,024","1,862,634","41,330,546","1,861,632","19,346,591","12,415","1,023,892","374,394","1,252,010","23,190","352,681","26,492","733,837","127,272","609,485","40,333","192,558","46,186","41,141",0,0,**,**,* 3,* 88,"3,118,786","6,251,878","348,000","83,003","29,419","283,334","151,317","268,967","9,533","24,276","1,141,932","1,545,218","13,864","137,267","186,844","868,404","37,763","38,218","20,206","154,350","209,822","856,599","1,564,314","1,786,119","52,639","137,161","* 1,123","* 6,326",**,**,**,**,"12,309","60,806","11,696,613","190,753,610","1,674,030","3,211,245","** 7,033","** 77,872","806,429","19,777,794","1,417,534","2,719,783",**,**,"12,014,450","209,323,273","12,449,975","343,880,427","** 4,338","** 27,196","377,178","400,222","12,412,581","38,099,684",
"   $50,000 under $75,000","22,238,948","1,366,892,948","22,238,948","1,382,388,717","18,976,338","1,071,062,478","7,174,190","7,886,017","644,590","3,421,047","3,798,150","14,474,880","3,449,443","9,674,044","887,457","771,817","76,853","1,715,911","2,168,459","41,107,869","1,007,784","9,209,920","609,375","1,323,090","1,679,738","12,807,222","979,777","1,953,119","111,537","1,185,483","87,555","498,868","2,453,908","33,841,513","5,162,987","166,322,528","4,800,612","120,609,689","590,562","6,120,167","656,386","6,164,708","213,822","851,124","10,200","32,944","55,605","553,365","16,341","82,723","808,091","7,302,789","637,076","5,943,844","631,012","15,173,879","307,704","4,906,705","52,041","810,704","3,259","69,719","56,858","1,159,567","198,695","3,637,408","722,234","3,923,227","4,447,207","101,649,237","4,446,202","70,080,387","28,117","2,057,128","799,443","2,677,821","37,616","777,084","37,437","957,877","317,807","2,146,203","95,708","501,950","92,387","87,221",**,**,* 66,"* 27,880","** 1,329","** 10,260","6,132,789","15,495,770","656,981","163,616","64,149","440,053","316,049","646,873","25,103","77,039","2,210,160","3,390,333","46,919","498,700","454,067","2,807,070","81,698","24,996","71,667","874,513","505,632","2,306,351","3,011,595","3,674,595","220,594","406,473","6,088","36,138",0,0,* 4,* 68,"27,240","148,952","19,781,637","352,833,538","3,645,550","7,079,935",**,**,"2,455,307","62,108,500","3,243,529","7,788,529","* 5,028","* 108,610","21,476,579","416,934,866","22,179,051","937,498,115",**,**,"549,631","1,101,209","22,128,777","114,445,283",
"   $75,000 under $100,000","14,118,568","1,222,947,425","14,118,568","1,234,746,850","12,033,727","921,390,540","6,141,068","8,203,311","702,161","3,123,674","3,442,547","15,899,563","3,170,531","10,870,013","856,135","828,588","42,341","1,185,220","1,628,490","32,373,062","720,845","5,986,504","519,175","1,170,285","1,617,079","16,995,806","829,776","1,704,443","93,774","1,125,471","82,383","625,179","2,124,972","38,913,882","3,996,013","166,890,264","3,686,354","115,639,456","529,667","5,976,573","549,327","5,294,690","195,031","909,756","16,600","34,580","46,227","578,294","11,360","81,126","706,370","7,296,843","549,327","5,253,831","567,959","16,092,176","279,242","4,318,516","79,451","1,166,542","2,973","37,267","55,166","1,123,248","174,224","2,950,221","498,211","2,501,265","3,320,081","84,218,130","3,320,053","69,268,708","15,161","1,234,044","693,531","2,639,758","24,068","629,408","31,041","829,723","231,458","1,821,385","68,333","437,043","56,429","76,600",* 986,"* 75,115",* 29,"* 3,336",**,**,"4,098,646","11,799,425","566,942","149,568","** 94,654","** 509,635","252,299","588,343","** 19,938","** 55,687","1,700,922","2,748,229","59,204","694,194","355,091","2,528,136","48,241","23,657","73,555","1,013,125","316,431","1,732,215","1,744,787","1,891,213","49,596","98,050","8,578","13,381",0,0,* 5,* 32,"29,969","118,647","11,804,454","241,585,293","2,675,146","5,390,293",**,**,"2,314,113","60,920,634","2,693,905","7,781,189",0,0,"13,706,700","307,609,003","14,099,883","906,342,968","4,911","17,699","226,145","757,501","14,068,005","118,763,360",
"   $100,000 under $200,000","21,997,582","3,004,363,636","21,997,582","3,036,219,498","19,028,674","2,209,484,837","12,772,926","22,379,899","1,744,843","9,261,463","7,974,700","53,045,342","7,435,742","39,107,064","1,449,559","1,761,565","** 56,170","** 5,657,161","2,961,284","85,566,267","1,225,798","10,553,535","1,105,986","3,612,585","3,902,218","65,198,712","2,014,904","4,099,720","219,719","3,204,195","230,622","1,713,258","3,884,923","111,643,089","6,955,139","430,918,059","6,265,577","273,034,973","1,306,069","18,924,929","1,287,195","13,150,018","429,868","3,236,595","18,934","59,388","97,766","1,645,351","21,359","124,184","1,643,786","23,098,934","978,237","9,183,498","1,635,171","75,770,993","683,857","12,528,267","182,803","4,058,666","7,393","137,953","103,498","3,069,059","284,828","6,047,578","647,735","3,469,142","4,951,406","147,975,135","4,951,048","125,535,389","27,713","2,607,574","1,299,988","7,327,380","54,588","810,306","45,028","2,437,231","468,177","6,256,192","97,656","616,604","121,539","192,709",* 9,* 133,* 25,"* 17,137","1,069","30,386","7,343,715","31,855,862","1,233,738","343,391",**,**,"565,249","1,662,858",**,**,"3,113,015","6,793,597","255,896","3,983,308","834,238","7,631,364","82,339","34,295","133,947","2,747,674","685,924","4,131,705","2,636,594","3,146,217","369,000","646,907","12,076","23,139","** 1,091","** 2,778",** 925,"** 35,656","30,474","337,828","16,456,869","368,325,607","3,898,631","8,141,230","* 3,983","* 43,666","5,540,689","172,883,303","5,952,927","27,544,164","* 1,434",* 786,"21,496,292","564,656,571","21,976,525","2,426,825,968","27,728","131,617","132,723","843,539","21,955,098","370,288,296",
"   $200,000 under $500,000","7,297,883","2,090,808,696","7,297,883","2,120,828,301","6,414,121","1,429,162,189","5,725,162","23,486,809","1,319,129","12,641,543","4,442,806","66,469,057","4,215,726","50,307,115","347,137","700,713",**,**,"1,238,719","83,015,167","431,803","5,793,151","444,746","2,628,958","2,620,361","115,294,536","1,148,034","2,484,418","189,045","4,669,672","178,455","2,017,063","1,475,498","70,949,941","2,159,974","235,191,611","1,780,686","107,615,075","729,189","19,349,032","779,774","11,557,427","275,523","5,057,783","** 14,851","** 117,732","40,164","1,118,297","** 8,984","** 155,645","880,218","24,672,601","268,109","6,280,670","1,391,604","160,129,972","430,662","13,161,218","131,573","6,359,494","5,411","96,601","34,496","2,122,258","94,777","3,519,740","143,833","888,766","1,400,412","48,223,182","1,399,667","40,964,646","25,304","2,359,602","661,184","7,890,415","34,389","970,517","19,828","2,062,666","174,400","6,577,233","34,266","434,399","57,527","104,165",352,"1,696",** 326,"** 539,004","2,502","301,196","2,261,034","30,019,605","** 299,523","** 76,575","13,381","86,948","316,568","1,305,951","** 3,698","** 15,767","1,484,729","5,850,967","338,212","9,939,899","641,321","8,089,020","41,623","25,867","81,205","3,162,632","121,463","1,166,582",0,0,0,0,"4,165","49,658",**,**,**,**,"** 14,210","** 335,819","3,908,159","89,968,409","979,974","2,099,638",19,"3,221","3,389,551","133,958,983","3,316,227","34,607,114",** 142,** 429,"7,165,506","255,648,198","7,295,888","1,830,153,888","35,263","419,427","** 24,620","** 217,089","7,293,784","361,407,668",
"   $500,000 under $1,000,000","1,162,371","781,920,814","1,162,371","795,166,354","1,010,488","449,489,139","1,072,431","12,539,251","392,489","7,640,297","927,926","35,424,310","892,960","27,180,529","46,018","223,769",**,**,"228,516","29,711,358","70,539","2,123,073","47,065","419,796","644,351","83,503,818","246,579","607,733","76,512","2,312,690","77,413","1,150,817","224,121","14,333,388","278,897","49,018,142","202,458","13,013,862","161,110","9,287,675","161,429","3,880,855","83,717","3,936,811",**,**,"5,000","98,077",**,**,"212,175","13,054,774","71,002","2,509,174","468,255","141,132,982","126,378","8,119,934","35,149","3,604,174","2,858","181,892","** 10,604","** 1,228,640","20,174","1,395,092","** 17,115","** 130,588","199,960","7,650,560","199,903","6,499,631","9,500","983,007","159,868","4,122,280","12,234","637,179","7,532","1,586,980","28,833","3,353,886","9,872","217,562","7,040","13,362","** 1,540","** 171,897",**,**,"1,509","206,940","489,724","13,245,540",**,**,** 550,"** 2,828","86,196","470,225",**,**,"342,908","2,131,491","117,440","5,386,990","208,770","3,300,725","6,919","14,766","20,003","1,534,504","** 38,706","** 418,332",0,0,0,0,578,"16,987",**,**,**,**,**,**,"415,048","9,576,524","112,936","242,149",0,0,"747,317","44,805,288","691,862","15,767,385",**,**,"1,141,172","69,072,040","1,161,682","711,761,546","21,859","285,186",**,**,"1,161,812","182,488,731",
"   $1,000,000 under $1,500,000","254,197","305,561,848","254,197","310,038,042","214,955","141,101,999","244,426","6,357,726","116,605","3,593,223","218,128","16,670,913","209,857","12,773,045","9,155","71,133",**,**,"49,118","10,184,667","16,262","771,779","5,988","63,750","162,672","45,748,640","55,994","146,927","28,839","1,424,091","26,161","537,802","47,937","3,268,038","63,153","13,770,355","42,904","3,059,111","39,721","3,176,028","40,355","1,281,435","28,725","1,727,731","1,480","29,460","1,746","61,383",**,**,"59,563","4,879,244","21,567","928,359","134,837","77,683,960","33,654","4,245,338","10,563","1,920,892","1,297","91,271",**,**,"5,269","495,085",**,**,"46,003","1,741,532","45,921","1,478,589","2,452","236,750","46,793","1,838,580","3,184","271,594","2,338","683,287","6,790","1,984,041","5,627","125,048","1,200","2,308",**,**,**,**,541,"168,682","123,580","4,476,194","1,388",338,**,**,"22,161","128,583",0,0,"86,962","747,620","31,719","1,850,467","59,472","1,016,561","1,387","3,509","5,333","598,199",**,**,0,0,0,0,162,"5,082",0,0,* 68,"* 2,242",349,"52,095","72,154","1,648,158","19,913","41,888",0,0,"182,044","16,039,074","177,930","9,038,889",** 97,"** 4,208","249,388","26,252,943","254,078","278,827,540","21,242","391,194",795,"6,767","254,098","80,455,786",
"   $1,500,000 under $2,000,000","103,075","176,961,208","103,075","179,090,416","85,285","72,754,006","100,203","4,407,318","52,207","2,270,511","90,261","10,347,780","87,135","7,796,797","3,948","48,688",**,**,"20,024","5,406,824","6,640","595,880","1,997","25,083","69,160","31,733,983","22,345","60,431","13,899","813,257","11,766","301,267","18,672","1,291,314","24,346","5,400,121","16,609","1,111,388","17,453","1,892,783","15,773","696,467","14,856","1,192,817",931,"9,075",623,"33,180",**,**,"27,664","3,076,884","9,289","485,881","56,816","48,637,030","16,553","2,986,821","5,877","1,722,598",834,"140,650",**,**,"2,240","334,051",**,**,"19,089","727,486","19,073","618,196",846,"86,490","23,086","1,385,273","1,264","150,185",968,"506,511","2,846","946,623","3,296","62,653",423,"1,036",**,**,**,**,311,"83,944","51,803","2,129,208",571,141,0,0,"8,725","51,685",** 17,** 161,"37,090","385,774","13,650","834,755","26,123","463,513",770,518,"2,282","324,878",**,**,0,0,0,0,69,"2,309",**,**,**,**,222,"35,684","25,782","585,245","6,774","14,254",0,0,"77,291","9,417,509","75,630","5,915,708",**,**,"100,777","15,546,018","102,986","161,063,606","16,010","290,814",128,"1,857","102,988","48,199,860",
"   $2,000,000 under $5,000,000","143,514","425,088,995","143,514","428,562,004","117,168","145,270,762","140,665","12,718,509","81,973","5,735,345","129,195","27,456,152","125,045","20,733,472","6,818","154,323",**,**,"26,735","9,900,891","10,211","1,174,321","2,085","54,778","102,017","98,392,544","29,190","80,616","25,003","2,637,701","20,111","779,840","25,487","2,086,089","34,144","8,523,471","23,945","1,642,212","24,434","3,594,786","23,045","1,436,361","27,397","3,007,571","1,798","40,693",816,"43,542",**,**,"43,964","6,559,848","15,028","1,079,630","83,898","123,694,203","26,539","9,017,862","9,458","4,194,695","2,005","356,930",**,**,"3,543","565,177",**,**,"28,525","1,109,665","28,508","942,879","1,389","143,474","37,819","3,659,603","2,446","367,092","1,845","1,439,185","4,297","2,959,911","7,717","417,151",456,"1,331",**,**,**,**,761,"275,222","75,165","3,473,008",580,142,** 17,** 102,"10,790","62,603",**,**,"54,376","763,252","18,603","1,251,638","38,300","705,966",977,"2,911","3,452","569,723",**,**,0,0,0,0,116,"8,132",0,0,130,"6,867",329,"65,505","29,310","659,975","8,243","17,222",0,0,"114,200","22,525,236","108,923","15,720,744",** 20,"** 24,190","139,977","38,009,442","143,387","386,284,888","23,938","500,979",183,"1,841","143,399","117,486,084",
"   $5,000,000 under $10,000,000","34,738","237,781,553","34,738","238,811,478","28,162","66,367,353","34,376","7,827,956","23,165","2,989,586","32,424","16,554,041","31,407","12,817,129","1,899","99,772",**,**,"6,546","4,143,924","2,979","690,723",295,"15,755","26,825","74,992,782","6,212","17,734","8,243","2,028,995","5,799","365,039","5,950","786,320","8,496","2,797,543","6,033","605,577","6,073","1,432,027","5,812","555,620","9,665","1,533,405",673,"42,278",186,"9,928",**,**,"13,065","2,943,208","4,181","446,100","20,877","63,979,268","8,055","5,476,359","2,966","3,016,362",885,"318,596",**,**,941,"275,658",**,**,"7,132","293,543","7,126","249,363",357,"36,408","11,539","1,867,588",768,"199,962",595,"738,471",868,"1,249,202","3,521","196,649",47,157,**,**,**,**,308,"208,808","19,185","1,029,925",90,22,**,**,"2,179","12,830",**,**,"14,354","300,897","4,523","308,605","9,675","188,063",281,476,856,"186,597",**,**,0,0,0,0,33,"4,129",0,0,21,"1,005",67,"20,627","4,998","110,843","1,367","2,844",0,0,"29,741","13,247,437","26,751","8,502,849",**,**,"33,765","21,222,078","34,711","215,932,691","5,895","174,741",41,277,"34,713","64,774,404",
"   $10,000,000 or more","20,876","590,230,011","20,876","591,034,197","16,866","102,518,828","20,745","27,307,743","15,685","5,611,118","19,996","51,013,749","19,407","41,242,462","1,396","284,830",**,**,"3,984","5,201,165","2,100","1,556,606",65,"2,900","17,384","286,649,101","2,959","8,401","6,458","13,829,789","3,833","987,852","3,263","760,725","5,104","2,244,801","3,635","498,906","3,686","1,598,424","3,672","691,257","7,451","2,805,927",593,"70,784",123,"11,483",**,**,"8,838","4,326,152","2,916","570,125","12,199","113,448,280","6,177","25,620,373","2,204","8,098,040",914,"1,123,581",**,**,676,"423,723",**,**,"4,216","177,873","4,212","151,151",181,"18,842","8,672","4,955,536",539,"401,948",496,"3,898,042",547,"4,956,309","3,102","489,060",29,89,**,**,**,**,360,"640,487","11,767","804,186",35,9,**,**,"1,007","5,663",0,0,"9,111","310,691","2,384","129,178","5,318","104,926",168,732,562,"217,792",**,**,0,0,0,0,29,"6,924",0,0,13,767,50,"24,708","1,975","43,255",514,"1,052",0,0,"18,901","49,622,788","15,282","15,255,896",* 3,* 27,"20,129","60,387,035","20,861","525,522,461","3,922","303,754",13,91,"20,866","144,669,744",
"Taxable returns, total","104,005,800","11,210,096,539","104,005,797","11,333,852,146","88,920,094","7,447,274,678","39,939,856","138,686,680","5,555,058","56,662,596","24,386,911","309,250,404","22,609,003","232,403,793","3,948,606","5,112,163","271,834","10,002,141","10,692,831","332,324,858","4,689,898","48,341,723","3,364,911","10,050,558","11,958,816","829,864,725","6,135,728","12,692,485","782,066","33,689,300","763,537","9,150,091","12,934,167","303,834,524","25,011,326","1,207,261,040","22,859,961","735,400,236","3,889,598","74,541,153","3,853,973","47,123,402","1,462,751","24,556,752","71,065","443,366","299,147","4,578,369","66,427","481,026","5,075,558","101,162,771","2,889,298","34,728,732","5,305,680","837,148,785","2,006,485","90,753,778","557,244","35,304,404","27,846","2,633,030","278,941","8,397,566","876,500","20,493,101","3,073,408","15,787,029","20,690,688","524,010,488","20,027,572","348,985,267","141,987","11,518,390","4,749,176","41,509,704","211,709","5,412,067","211,468","29,440,357","1,554,537","32,901,898","401,865","4,063,698","430,380","551,600","2,853","233,895",379,"1,140,478","10,117","1,914,073","26,914,554","123,755,607","3,203,260","834,223","259,712","1,840,550","1,794,656","5,150,444","73,327","180,326","11,347,709","25,341,022","909,611","24,997,140","2,953,973","27,539,167","370,613","213,297","445,107","11,599,984","2,075,079","11,141,206","10,542,095","12,092,016","710,017","1,312,619","34,958","166,862","* 2,071","* 3,758","2,102","45,630","142,027","1,297,364","88,196,745","1,521,881,762","17,191,917","33,719,789","8,006","78,915","15,799,889","581,735,605","19,284,464","149,701,403","6,806","41,893","100,360,363","2,222,348,440","103,996,096","8,924,371,669","168,769","2,777,776","1,970,104","3,514,957","104,002,932","1,662,444,919",
"   No adjusted gross income","2,698","-9,900,629","2,695","-9,871,105","1,370","388,242","2,467","950,040",657,"120,183","2,051","486,116","1,938","356,707","** 2,257","** 2,319",0,0,573,"194,837",330,"454,555",* 208,* 21,"1,211","3,116,198",780,"2,141",492,"554,204",339,"80,105",533,"86,036",640,"173,889",547,"42,760",455,"95,820",** 617,"** 149,347",421,"85,614",28,12,"** 1,009","** 13,589","** 2,105","** 7,485",710,"172,365",** 668,"** 159,565","1,018","1,270,657","** 1,119","** 2,836,809","** 2,142","** 77,294",120,"160,057",** 641,"** 25,087",** 75,"** 40,272","** 1,106","** 2,322",847,"26,932","** 2,016","** 2,263","** 4,283","** 267,726",511,"186,573",** 33,"** 66,635","2,354","14,459,182","** 1,036","** 18,144","** 1,183","** 173,555","** 3,014","** 1,332",* 3,* 6,** 33,"** 596,091",19,"60,844","1,177","29,524","** 1,005",** 121,0,0,"** 2,254","** 4,223",0,0,"1,025","11,522","** 1,230","** 8,846",610,"6,994","** 2,046","** 5,124",** 27,"** 2,980",22,194,* 7,* 3,"** 6,019","** 18,775","** 1,005",** 12,0,0,0,0,"** 1,008","** 3,160",0,0,0,0,0,0,0,0,0,0,0,0,0,0,0,0,"** 2,623","** 233,913",**,**,"2,688","247,887",
"   $1 under $5,000","137,525","409,732","137,525","416,635","62,060","128,908","64,245","48,088","* 2,006","* 5,240","51,303","59,287","47,292","29,032",0,0,0,0,"* 8,032","* 5,771","* 2,010","* 1,775","* 8,111","* 4,970","29,347","41,953","* 5,641","* 9,300","** 1,096","** 1,965","** 2,040","** 79,073","* 8,111","* 10,551","15,038","175,143","13,033","36,126","** 1,007","** 3,718",0,0,"* 2,006",* 544,0,0,0,0,0,0,"* 2,007",* 707,0,0,"* 8,021","* 14,749",**,**,**,**,0,0,0,0,0,0,**,**,"21,143","314,895",**,**,0,0,"49,219","76,148",0,0,"* 1,004","* 1,643",**,**,0,0,0,0,0,0,0,0,0,0,"11,038","6,902",**,**,"** 8,619","** 84,255",0,0,0,0,"* 9,032",* 585,0,0,0,0,**,**,0,0,"** 1,003","** 3,014",0,0,0,0,0,0,0,0,0,0,0,0,"132,509","230,639","* 6,015","* 9,924",0,0,"* 4,013","* 3,458","25,348","1,976",0,0,"133,512","242,398","137,523","163,945",**,**,0,0,"137,525","12,035",
"   $5,000 under $10,000","146,214","1,077,970","146,214","1,083,586","92,869","495,186","64,358","39,254","8,017","2,503","63,992","176,884","61,979","116,379",**,**,0,0,"* 7,127","* 26,489","* 3,013","* 11,204","15,494","39,989","35,281","125,157","* 4,737","* 2,629",**,**,**,**,"* 8,111","* 26,988","16,047","92,514","15,045","80,627",**,**,**,**,"* 2,009","* 1,224",0,0,0,0,0,0,"* 3,012","* 4,779",**,**,"* 6,109","* 64,127","* 2,111","* 42,036",**,**,0,0,0,0,**,**,"* 3,007","* 6,391","22,068","280,462","* 4,013","* 28,820",0,0,"30,259","50,922",**,**,"* 1,015","* 15,667","* 6,016","* 20,280",0,0,0,0,0,0,0,0,0,0,"8,229","5,616",0,0,0,0,0,0,0,0,"* 6,221","* 2,220",0,0,0,0,**,**,**,**,**,**,0,0,0,0,0,0,0,0,0,0,0,0,"138,089","538,998","* 5,012","* 10,526",0,0,"* 7,121","* 30,785","27,440","4,471",0,0,"138,191","550,598","145,196","498,421","** 1,025","** 1,782",0,0,"146,206","39,872",
"   $10,000 under $15,000","2,363,049","32,349,604","2,363,049","32,741,586","2,058,613","27,664,970","260,652","159,799","11,302","16,116","118,335","199,448","104,066","107,363","* 3,007","* 1,424","* 5,017","* 37,511","193,451","1,650,808","47,175","379,245","20,416","37,115","42,372","170,288","24,501","40,943",**,**,**,**,"75,510","457,385","231,890","2,358,540","226,876","2,200,558","20,568","129,013","7,891","77,585","* 4,011","* 15,531",0,0,**,**,0,0,"25,581","158,093","8,893","65,643","21,815","253,270","* 5,061","* 23,914","* 3,131","* 22,673",0,0,**,**,"* 3,244","* 3,490","55,056","227,425","259,332","4,376,134","53,545","51,466",**,**,"60,300","240,472","* 4,181","* 35,785","* 4,976","* 76,437","10,025","27,677",**,**,**,**,0,0,0,0,"** 1,981","** 22,464","282,847","391,982","10,028","2,357",**,**,**,**,"** 7,017","** 17,107","185,457","123,721",**,**,"12,045","36,140","* 3,016","* 15,246","** 4,027","** 29,541","* 7,022","* 13,214","65,709","57,612",**,**,0,0,0,0,0,0,**,**,"2,354,007","27,811,541","200,814","329,539",0,0,"9,041","59,703","175,075","52,371",0,0,"2,238,645","27,132,477","2,360,027","3,854,749",**,**,"** 21,263","** 5,388","2,363,042","396,142",
"   $15,000 under $20,000","5,097,694","89,015,570","5,097,694","89,872,260","4,209,571","72,377,804","672,771","530,127","33,350","43,699","318,468","533,840","279,980","317,060","20,584","8,708","10,025","135,060","436,801","5,156,666","139,456","1,530,295","55,051","44,490","103,439","391,942","82,275","152,482","* 6,413","* 19,376","* 3,033","* 52,036","295,964","2,233,909","739,312","10,006,214","707,653","8,282,166","55,338","480,240","23,634","196,206","19,060","59,274","** 6,200","** 8,347","* 7,019","* 69,560",**,**,"78,430","596,391","24,589","195,198","46,793","571,486","17,797","105,999","* 5,680","* 45,654",0,0,"* 3,587","* 15,257","* 2,112","* 28,837","131,638","496,879","874,285","15,078,243","513,824","688,655","10,293","629,228","123,277","407,714","10,029","140,411","13,138","162,385","21,805","77,806","* 6,018","* 18,519","* 9,024","* 3,173",0,0,0,0,**,**,"711,494","856,691","32,090","7,258","11,030","87,556","* 8,429","* 8,374",**,**,"435,128","377,091",0,0,"46,157","122,610","11,030",938,**,**,"14,042","11,651","213,721","189,322","12,031","27,332",**,**,0,0,0,0,"* 5,014","* 11,766","5,038,194","60,647,822","762,863","1,252,333",0,0,"58,189","781,148","454,817","311,047","** 2,096","** 3,236","4,825,688","60,323,963","5,096,955","25,577,742","** 1,311","** 3,042","104,547","25,952","5,097,694","2,579,240",
"   $20,000 under $25,000","5,193,441","117,082,517","5,193,441","118,499,183","4,438,181","98,453,186","712,978","694,975","52,678","142,017","374,565","839,766","338,805","432,816","34,260","24,166","10,656","127,985","392,225","4,707,002","199,653","1,777,708","71,013","68,913","135,414","426,764","91,151","172,688","* 3,292","* 15,493","8,679","20,074","287,536","2,484,598","714,539","11,598,451","685,258","9,012,847","60,219","477,363","44,602","446,037","16,399","11,356",**,**,"* 5,012","* 37,360",0,0,"80,630","525,416","45,027","399,545","58,834","810,828","15,590","139,562","* 7,208","* 56,803",0,0,"3,683","48,368","13,689","251,834","165,503","783,506","716,056","12,809,724","681,336","1,808,733","* 5,116","* 346,726","113,177","367,125","8,222","22,808","11,198","57,259","37,420","170,725","* 7,729","* 41,142","* 7,998","* 3,963",0,0,**,**,**,**,"838,418","1,416,666","38,100","9,011","19,055","244,025","16,047","15,771",**,**,"384,442","352,607","** 6,507","** 29,580","50,970","141,241","15,587","3,203","* 6,337","* 62,773","57,330","205,813","342,935","326,053","12,122","29,646",0,0,0,0,0,0,"* 5,107","* 17,299","5,073,062","61,992,296","661,635","1,086,287",0,0,"120,379","1,875,979","465,172","482,656",0,0,"4,921,721","62,623,483","5,193,438","51,134,529",**,**,"188,038","57,494","5,193,441","5,219,892",
"   $25,000 under $30,000","5,659,877","155,524,755","5,659,877","157,122,648","4,793,497","127,415,003","931,458","952,777","59,171","145,039","467,139","835,635","410,067","421,666","43,081","28,673","12,034","175,598","403,581","5,825,874","200,245","1,724,524","83,705","87,196","161,221","526,412","132,521","273,451","4,298","94,551","8,450","74,602","390,363","3,652,004","927,290","17,340,284","880,403","13,391,676","88,146","632,608","76,800","715,246","20,003","40,637",**,**,"10,881","125,344",0,0,"109,531","788,377","75,624","678,015","64,590","862,419","17,830","165,426","* 8,152","* 33,126","** 2,146","** 4,549","10,250","168,014","17,212","266,389","174,421","839,718","965,699","20,119,023","945,766","3,793,680","* 3,603","* 309,234","155,087","653,023","* 4,317","* 30,918","12,357","157,606","49,869","306,453","13,040","94,769","* 7,019","* 4,329",0,0,0,0,0,0,"1,016,858","1,597,893","64,203","14,602","13,126","121,489","32,103","48,863","* 9,024","* 6,896","400,607","435,769",**,**,"51,119","191,680","13,041","6,076","* 6,328","* 57,640","55,400","183,423","503,214","461,593","14,037","22,245","* 1,507","* 1,557",0,0,0,0,"10,002","25,558","5,496,681","73,745,251","859,592","1,562,453",0,0,"163,196","2,689,299","478,454","589,052",0,0,"5,380,739","75,346,932","5,659,851","76,425,196",**,**,"229,297","143,513","5,659,877","8,261,952",
"   $30,000 under $40,000","11,034,973","385,579,114","11,034,973","389,775,868","9,376,845","313,619,670","2,286,995","2,037,453","184,659","511,888","1,163,408","2,526,711","1,034,072","1,527,879","140,693","102,843","24,070","394,907","779,617","12,001,432","381,772","3,208,327","212,969","269,634","421,039","1,646,939","288,435","559,480","17,959","275,190","17,587","70,261","898,772","9,685,195","2,078,650","43,844,896","1,971,167","33,967,855","177,921","1,497,631","160,454","1,344,461","66,474","174,130",**,**,"17,913","113,046","* 3,109","* 17,604","237,727","1,771,819","162,148","1,323,248","148,255","2,405,221","53,435","745,700","16,141","119,333",**,**,"13,500","147,617","47,972","709,542","333,431","1,602,913","1,942,095","43,740,285","1,941,093","12,787,224","10,191","671,621","300,981","934,094","10,518","135,934","23,243","432,292","116,572","485,244","30,091","170,110","37,092","33,744",0,0,0,0,0,0,"2,166,284","4,196,754","135,722","31,883","26,082","197,563","89,057","116,210","* 7,017","* 4,022","760,843","919,538","14,034","106,637","150,700","611,331","38,121","13,832","20,112","176,103","158,647","601,023","1,148,687","1,283,189","22,153","55,466","* 2,458","* 4,567",0,0,0,0,"12,048","75,390","10,587,639","148,796,600","1,807,219","3,488,076",0,0,"446,332","8,208,484","1,023,287","1,506,047",0,0,"10,532,014","156,303,509","11,034,967","222,433,816",**,**,"374,204","288,702","11,034,973","24,619,637",
"   $40,000 under $50,000","10,135,556","455,155,269","10,135,556","459,683,074","8,763,906","372,960,103","2,435,091","2,251,524","218,390","942,539","1,257,168","3,314,212","1,154,668","1,961,093","196,209","146,987","40,211","661,595","749,243","11,081,629","417,398","3,372,839","216,293","341,097","509,085","2,396,176","314,391","618,028","21,054","265,844","25,602","160,090","858,731","10,007,745","2,000,919","51,083,734","1,871,378","37,442,600","203,269","1,728,886","166,543","1,495,205","82,139","177,021",**,**,"15,390","155,590","* 4,321","* 14,136","287,305","2,037,364","160,614","1,337,631","164,486","3,094,464","76,941","799,980","14,225","122,590",**,**,"14,906","170,213","59,080","1,026,375","310,680","1,598,373","1,723,911","38,786,554","1,722,909","18,165,793","11,603","924,844","306,281","1,070,829","15,995","153,512","18,669","409,263","109,262","530,106","27,276","144,617","40,175","36,508",0,0,0,0,0,0,"2,421,361","4,527,806","283,365","67,321","20,071","153,196","120,052","178,755","* 6,548","* 14,604","749,628","897,051","7,761","84,404","126,193","557,483","31,734","38,078","20,167","152,690","178,157","697,738","1,317,956","1,552,088","30,372","68,824",* 754,"* 5,149","** 1,980","** 3,279","** 1,336","** 6,621","11,005","58,635","9,511,206","143,561,820","1,616,464","3,107,433","** 4,017","** 34,978","624,350","12,541,460","1,048,412","1,809,987",**,**,"9,713,127","155,424,780","10,135,412","293,129,051","** 4,334","** 27,187","279,476","330,212","10,135,556","32,831,527",
"   $50,000 under $75,000","19,868,580","1,225,323,851","19,868,580","1,238,587,939","16,795,998","948,804,200","6,615,997","7,325,756","600,178","3,005,544","3,523,046","11,955,493","3,199,783","7,805,546","829,444","690,548","71,322","1,627,777","1,729,112","32,027,849","865,595","7,491,017","572,746","1,242,638","1,511,741","9,826,991","898,856","1,783,208","86,456","843,649","74,392","399,626","2,372,468","32,996,862","4,897,103","160,122,751","4,574,607","117,295,024","526,924","5,349,631","562,724","5,264,942","194,552","748,900","10,156","32,861","52,033","489,980","15,339","81,945","727,170","6,417,285","546,624","4,960,604","506,160","11,510,927","246,992","3,314,215","46,273","746,095","* 2,211","* 24,515","40,347","850,984","164,249","2,862,051","619,114","3,389,143","4,298,517","99,006,446","4,297,515","68,148,490","23,752","1,666,226","713,706","2,339,848","29,326","667,621","25,707","451,551","293,091","1,969,422","87,726","468,693","82,433","78,419",0,0,** 27,"** 8,321","** 1,995","** 19,770","5,308,905","13,264,088","569,922","141,244","54,135","353,571","285,226","566,892","21,078","68,199","1,750,417","2,614,148","44,248","472,406","383,130","2,259,429","78,405","24,843","67,646","794,212","465,728","2,094,075","2,702,391","3,348,686","199,579","356,846","4,630","29,054",0,0,0,0,"23,220","140,482","17,676,498","304,564,517","3,600,578","6,989,300",**,**,"2,190,078","49,028,450","2,741,918","6,263,625","* 3,015","* 9,180","19,163,149","355,798,262","19,868,126","856,556,373",**,**,"423,861","951,212","19,868,274","105,677,431",
"   $75,000 under $100,000","13,557,576","1,175,473,929","13,557,576","1,186,383,459","11,558,802","885,487,302","5,903,550","7,667,650","669,865","2,741,405","3,304,967","13,971,410","3,039,840","9,394,252","828,379","794,696","42,341","1,185,220","1,496,023","28,606,322","683,336","5,570,232","507,557","1,131,087","1,523,653","14,035,952","793,399","1,627,346","82,344","928,426","74,984","449,383","2,085,880","38,088,532","3,903,353","164,411,579","3,608,805","114,206,501","492,352","5,421,678","511,469","4,672,906","182,616","791,874","15,520","33,040","43,834","569,042","11,314","80,835","659,830","6,654,696","510,614","4,639,289","508,276","14,274,128","254,314","3,220,741","74,746","1,133,084","* 1,962","* 31,340","47,559","921,624","163,453","2,689,455","477,166","2,394,070","3,254,627","82,674,067","3,254,621","68,004,205","10,699","807,596","668,155","2,521,894","21,567","455,238","22,595","491,054","227,346","1,721,858","64,032","407,712","55,424","75,059",** 981,"** 75,036",**,**,0,0,"3,846,192","10,909,530","542,923","143,069","** 93,649","** 509,051","234,060","532,467","** 18,933","** 53,679","1,560,352","2,460,843","54,605","650,803","324,638","2,293,422","44,256","23,047","73,214","1,007,073","297,028","1,637,269","1,641,010","1,766,532","47,444","92,633","7,446","10,843",0,0,0,0,"28,962","93,463","11,381,155","231,502,749","2,652,793","5,345,155",**,**,"2,176,421","53,929,824","2,535,128","6,896,550",0,0,"13,161,451","290,065,161","13,557,576","876,425,726","4,595","15,562","199,692","689,695","13,557,576","115,533,801",
"   $100,000 under $200,000","21,807,901","2,980,568,339","21,807,901","3,011,989,568","18,893,828","2,196,533,984","12,660,054","21,606,473","1,715,427","8,588,164","7,888,796","50,826,924","7,361,300","37,402,146","1,434,837","1,732,410","** 56,159","** 5,656,489","2,925,637","83,765,989","1,210,540","10,189,737","1,099,681","3,576,224","3,846,545","61,697,440","1,990,881","4,052,265","211,323","3,019,785","225,551","1,667,578","3,852,614","110,707,401","6,914,277","429,276,065","6,230,503","271,980,162","1,283,492","18,462,118","1,271,894","12,749,467","426,343","3,212,504","18,887","59,331","97,450","1,629,905","21,264","123,534","1,619,892","22,610,359","963,319","8,731,625","1,604,962","73,707,408","669,380","11,197,652","181,974","4,040,512","7,268","122,256","99,510","2,712,191","278,093","5,650,198","641,425","3,427,535","4,908,752","146,938,775","4,908,439","124,655,724","24,340","2,234,941","1,281,324","7,123,420","53,340","777,314","42,208","1,987,623","464,618","6,111,723","97,530","615,557","121,500","192,682",**,**,**,**,**,**,"7,272,477","31,421,229","1,223,814","340,159",**,**,"560,086","1,642,953",**,**,"3,077,088","6,665,165","254,878","3,949,597","820,578","7,465,713","81,303","34,172","133,703","2,731,825","680,764","4,110,975","2,606,465","3,106,939","366,259","640,852","12,020","22,556",**,**,**,**,"30,465","337,549","16,359,677","366,087,112","3,889,728","8,120,690","** 3,989","** 43,937","5,448,224","164,730,296","5,899,960","27,033,441","** 1,575","** 1,051","21,315,104","554,136,006","21,807,646","2,412,863,560","27,564","131,148","123,998","795,259","21,807,660","368,562,446",
"   $200,000 under $500,000","7,283,635","2,086,935,882","7,283,635","2,116,914,923","6,402,905","1,426,418,012","5,717,274","23,343,491","1,317,361","12,572,050","4,436,397","66,190,677","4,209,956","50,097,543","346,655","697,212",**,**,"1,236,699","82,801,550","430,744","5,728,332","444,190","2,625,265","2,616,359","114,752,258","1,145,442","2,478,145","188,449","4,633,717","177,903","1,984,221","1,474,200","70,881,099","2,158,255","235,044,883","1,779,208","107,540,080","727,555","19,296,388","777,608","11,487,122","274,980","5,044,049","** 14,800","** 117,504","40,112","1,117,359","** 8,973","** 155,486","878,617","24,608,644","267,334","6,232,975","1,389,681","159,881,303","428,765","12,793,755","131,366","6,352,357","5,361","89,010","34,361","2,109,669","94,495","3,478,862","143,754","888,236","1,398,559","48,162,122","1,397,867","40,913,523","23,801","2,200,512","659,389","7,796,334","33,890","912,672","19,315","1,914,086","173,567","6,367,021","34,131","421,763","57,505","104,108",* 334,* 13,** 317,"** 536,066","2,360","275,736","2,258,309","29,979,041","** 299,425","** 76,547","13,376","86,914","316,298","1,304,429","** 3,692","** 15,657","1,482,828","5,841,980","338,045","9,933,826","640,255","8,074,343","41,574","25,829","81,089","3,156,320","121,243","1,164,603",0,0,0,0,"4,152","49,559",** 91,** 479,** 766,"** 39,010","** 14,181","** 335,539","3,899,752","89,797,272","979,515","2,098,764",**,**,"3,383,743","132,992,189","3,313,170","34,552,467",0,0,"7,153,146","254,620,730","7,282,960","1,827,322,070","34,461","418,534","** 24,577","** 216,741","7,281,823","360,812,447",
"   $500,000 under $1,000,000","1,161,188","781,117,718","1,161,188","794,360,325","1,009,568","448,954,002","1,071,867","12,520,263","392,419","7,630,869","927,506","35,380,296","892,606","27,146,192","45,992","223,494",**,**,"228,376","29,673,821","70,481","2,120,910","47,051","419,661","644,178","83,446,449","246,204","606,766","76,481","2,309,764","77,352","1,146,236","224,083","14,327,822","278,815","49,004,384","202,388","13,006,575","161,024","9,278,489","161,191","3,873,613","83,682","3,933,056",**,**,"5,000","98,077",**,**,"212,080","13,043,645","70,921","2,503,918","468,142","141,093,337","126,256","8,083,745","35,142","3,603,633","2,854","180,761","** 10,598","** 1,228,543","20,163","1,392,137","** 17,108","** 130,520","199,875","7,648,202","199,828","6,497,715","9,207","951,308","159,701","4,095,775","12,129","628,801","7,483","1,573,077","28,671","3,240,083","9,860","217,446","7,040","13,362","** 1,534","** 158,840",**,**,"1,489","198,897","489,567","13,242,606",**,**,* 470,"* 2,388","86,188","470,174",**,**,"342,815","2,130,998","117,431","5,386,652","208,726","3,300,307","6,915","14,763","19,985","1,533,367","** 38,693","** 418,214",0,0,0,0,578,"16,987",**,**,**,**,**,**,"414,292","9,562,079","112,892","242,075",0,0,"746,895","44,547,465","691,797","15,764,259",**,**,"1,140,228","68,849,881","1,160,743","711,166,282","21,852","285,124",**,**,"1,160,877","182,312,289",
"   $1,000,000 or more","555,892","1,734,382,917","555,892","1,746,292,196","462,082","527,574,106","540,098","58,559,009","289,578","20,195,339","489,770","121,953,703","472,651","95,288,120","23,207","658,684",**,**,"106,335","34,798,818","38,150","4,781,023","10,426","162,258","377,931","537,263,806","116,514","313,615","82,408","20,727,337","67,627","2,966,807","101,289","8,188,395","135,200","32,727,712","93,090","6,914,679","91,329","11,687,570","88,547","4,651,266","88,057","10,261,036","5,472","192,271","3,494","159,517",**,**,"153,037","21,772,833","52,924","3,501,476","308,540","427,334,461","90,893","47,284,244","31,063","18,951,248","5,923","2,020,541",**,**,"12,663","2,093,660",**,**,"104,921","4,048,623","104,801","3,438,977","5,098","508,428","127,809","13,645,533","8,162","1,384,417","6,205","7,251,234","15,238","11,855,358","23,249","1,289,815","2,155","4,921",**,**,**,**,"2,272","1,336,361","281,396","11,909,278","2,664",652,* 98,* 541,"44,856","261,333",* 18,* 161,"201,826","2,507,785","70,871","4,374,389","138,852","2,478,475","3,584","8,147","12,473","1,895,459",**,**,0,0,0,0,409,"26,577",**,**,**,**,"1,014","198,523","133,983","3,043,065","36,796","77,234",0,0,"421,906","110,317,065","404,486","54,433,454",120,"28,425","543,649","160,930,260","555,675","1,566,820,209","71,003","1,661,483","1,151","10,791","555,717","455,338,321",
"Nontaxable returns, total","53,791,007","756,777,437","53,191,676","777,947,343","40,855,660","825,796,367","8,736,158","14,566,796","687,365","4,912,600","4,593,350","22,540,234","4,148,955","15,786,808","362,541","455,680","72,544","808,532","9,380,179","110,529,428","2,493,618","39,771,261","691,989","1,197,976","1,940,549","39,887,945","1,670,081","3,573,644","210,883","4,181,172","237,866","9,361,285","2,707,567","21,136,987","5,819,292","83,614,394","5,424,888","49,097,437","1,019,843","9,700,557","927,433","14,802,000","306,515","1,522,674","8,337","77,516","58,993","506,405","17,820","109,414","1,295,549","11,165,579","907,021","14,129,705","860,888","19,871,506","766,906","89,112,172","72,595","908,412","13,272","2,228,061","166,592","2,484,505","407,427","14,186,054","1,290,181","5,608,461","9,331,648","194,879,989","2,388,864","11,053,502","353,593","19,349,062","1,392,068","7,179,533","109,533","4,854,955","933,926","182,704,490","393,091","2,854,287","116,310","1,396,572","62,247","80,039",120,"28,419","3,012","2,390,361","2,019","535,131","12,225,584","21,169,906","425,717","103,499","83,515","923,880","228,247","578,401","38,722","113,425","9,113,146","8,304,152","41,507","530,699","835,113","3,845,807","130,694","30,150","46,014","774,380","361,607","1,549,883","2,177,053","2,052,704","575,641","1,697,059","20,932","91,238","* 1,011","* 1,213","2,217","39,911","47,179","533,502","50,110,860","785,639,541","6,533,860","12,714,257","3,028","45,844","1,549,100","63,367,099","2,959,081","5,547,760","* 5,023","* 155,080","49,732,215","839,335,407","20,147,752","302,572,549","1,710","14,779","1,047,928","703,757","19,686,823","32,580,911",
"* Estimate should be used with caution because of the small number of sample returns on which it is based.",,,,,,,,,,,,,,,,,,,,,,,,,,,,,,,,,,,,,,,,,,,,,,,,,,,,,,,,,,,,,,,,,,,,,,,,,,,,,,,,,,,,,,,,,,,,,,,,,,,,,,,,,,,,,,,,,,,,,,,,,,,,,,,,,,,,,,,,,,,,,,,,,,,,,
"** Data combined to avoid disclosure of information for specific taxpayers.",,,,,,,,,,,,,,,,,,,,,,,,,,,,,,,,,,,,,,,,,,,,,,,,,,,,,,,,,,,,,,,,,,,,,,,,,,,,,,,,,,,,,,,,,,,,,,,,,,,,,,,,,,,,,,,,,,,,,,,,,,,,,,,,,,,,,,,,,,,,,,,,,,,,,
"[1] Not included in total income.",,,,,,,,,,,,,,,,,,,,,,,,,,,,,,,,,,,,,,,,,,,,,,,,,,,,,,,,,,,,,,,,,,,,,,,,,,,,,,,,,,,,,,,,,,,,,,,,,,,,,,,,,,,,,,,,,,,,,,,,,,,,,,,,,,,,,,,,,,,,,,,,,,,,,
"[2] See table 1.4A for more detail of sales of capital assets reported on Form 1040, Schedule D.",,,,,,,,,,,,,,,,,,,,,,,,,,,,,,,,,,,,,,,,,,,,,,,,,,,,,,,,,,,,,,,,,,,,,,,,,,,,,,,,,,,,,,,,,,,,,,,,,,,,,,,,,,,,,,,,,,,,,,,,,,,,,,,,,,,,,,,,,,,,,,,,,,,,,
"[3] These data do not include any taxable Individual Retirement Arrangement distributions or pensions and annuities from 2018 
because these items were combined on one line on that yearâ€™s tax form.  Therefore, $15.9 billion of taxable IRA, pensions and annuities 
were excluded.",,,,,,,,,,,,,,,,,,,,,,,,,,,,,,,,,,,,,,,,,,,,,,,,,,,,,,,,,,,,,,,,,,,,,,,,,,,,,,,,,,,,,,,,,,,,,,,,,,,,,,,,,,,,,,,,,,,,,,,,,,,,,,,,,,,,,,,,,,,,,,,,,,,,,
"NOTE:  Detail may not add to totals because of rounding.",,,,,,,,,,,,,,,,,,,,,,,,,,,,,,,,,,,,,,,,,,,,,,,,,,,,,,,,,,,,,,,,,,,,,,,,,,,,,,,,,,,,,,,,,,,,,,,,,,,,,,,,,,,,,,,,,,,,,,,,,,,,,,,,,,,,,,,,,,,,,,,,,,,,,
"SOURCE: IRS, Statistics of Income Division, Publication 1304, November 2021",,,,,,,,,,,,,,,,,,,,,,,,,,,,,,,,,,,,,,,,,,,,,,,,,,,,,,,,,,,,,,,,,,,,,,,,,,,,,,,,,,,,,,,,,,,,,,,,,,,,,,,,,,,,,,,,,,,,,,,,,,,,,,,,,,,,,,,,,,,,,,,,,,,,,
